{
   "dashboards": [{
      "autoswitchEnabled": false,
      "columnCount": 1,
      "columnProportion": "1",
      "creationTime": 1551241501367,
      "dashboardNavigations": {},
      "description": "",
      "disabled": false,
      "gridsterMaxColumns": 12,
      "hidden": false,
      "homeTab": false,
      "id": "9a727c05-130c-4051-abf9-1253a928cd29",
      "importAttempts": 0,
      "importComplete": true,
      "isDefault": false,
      "locked": false,
      "name": "Custom Datastore Dashbboard",
      "rank": 156,
      "shared": false,
      "temporary": false,
      "userId": "e47ee60e-b3f3-493e-9aae-5ab9534032c3",
      "widgetInteractions": [
         {
            "type": "resourceId",
            "widgetIdProvider": "05c588f7-6ae1-4e25-b34a-1c267c8d6982",
            "widgetIdReceiver": "770df5bb-3c80-4baa-b722-0f54fa5ea333"
         },
         {
            "type": "resourceId",
            "widgetIdProvider": "05c588f7-6ae1-4e25-b34a-1c267c8d6982",
            "widgetIdReceiver": "e34e9999-14b8-4a9a-b4bb-f31ffe12d46e"
         },
         {
            "type": "resourceId",
            "widgetIdProvider": "05c588f7-6ae1-4e25-b34a-1c267c8d6982",
            "widgetIdReceiver": "c0f8288b-fd16-4892-952e-bc80880f7b58"
         },
         {
            "type": "resourceId",
            "widgetIdProvider": "05c588f7-6ae1-4e25-b34a-1c267c8d6982",
            "widgetIdReceiver": "ea68e1d6-5743-4fdc-b466-2261888a972a"
         },
         {
            "type": "resourceId",
            "widgetIdProvider": "05c588f7-6ae1-4e25-b34a-1c267c8d6982",
            "widgetIdReceiver": "cf2ae03d-5bdc-400c-a41e-498eaa3448f5"
         },
         {
            "type": "resourceId",
            "widgetIdProvider": "05c588f7-6ae1-4e25-b34a-1c267c8d6982",
            "widgetIdReceiver": "d95bb8aa-25ff-4690-b619-51a56db0c5d9"
         }
      ],
      "widgets": [
         {
            "collapsed": false,
            "config": {
               "additionalColumns": [],
               "mode": 0,
               "refreshContent": {"refreshContent": false},
               "refreshInterval": 300,
               "selectFirstRow": {"selectFirstRow": false},
               "tagFilter": {
                  "path": ["/source/kind/kind:resourceKind:id:0_::_"],
                  "value": {
                     "adapterInstance": [],
                     "adapterKind": [],
                     "bus": [],
                     "collector": [],
                     "day": [],
                     "exclaim": false,
                     "healthRange": [],
                     "kind": ["resourceKind:id:0_::_"],
                     "maintenanceSchedule": [],
                     "state": [],
                     "status": [],
                     "tag": [],
                     "tier": []
                  }
               },
               "title": "Datacenter"
            },
            "gridsterCoords": {
               "h": 4,
               "w": 4,
               "x": 1,
               "y": 1
            },
            "height": 210,
            "id": "05c588f7-6ae1-4e25-b34a-1c267c8d6982",
            "states": [
               {
                  "key": "perm_toolbarVisible_widget_9a727c05-130c-4051-abf9-1253a928cd29_05c588f7-6ae1-4e25-b34a-1c267c8d6982",
                  "value": "b%3A0"
               },
               {
                  "key": "permResGrid_widget_9a727c05-130c-4051-abf9-1253a928cd29_05c588f7-6ae1-4e25-b34a-1c267c8d6982",
                  "value": "o%3Acolumns%3Da%253Ao%25253Aid%25253Ds%2525253Ah1%25255Ehidden%25253Db%2525253A1%25255Ewidth%25253Dn%2525253A100%255Eo%25253Aid%25253Ds%2525253Ah2%255Eo%25253Aid%25253Ds%2525253Ah3%25255Ehidden%25253Db%2525253A1%25255Ewidth%25253Dn%2525253A100%255Eo%25253Aid%25253Ds%2525253Ah4%255Eo%25253Aid%25253Ds%2525253Ah5%255Eo%25253Aid%25253Ds%2525253Ah6%255Eo%25253Aid%25253Ds%2525253Ah7%25255Ehidden%25253Db%2525253A1%25255Ewidth%25253Dn%2525253A100%255Eo%25253Aid%25253Ds%2525253Ah8%25255Ehidden%25253Db%2525253A1%25255Ewidth%25253Dn%2525253A100%255Eo%25253Aid%25253Ds%2525253Ah9%25255Ehidden%25253Db%2525253A1%25255Ewidth%25253Dn%2525253A100%255Eo%25253Aid%25253Ds%2525253Ah10%25255Ehidden%25253Db%2525253A1%25255Ewidth%25253Dn%2525253A100%255Eo%25253Aid%25253Ds%2525253Ah11%25255Ehidden%25253Db%2525253A1%25255Ewidth%25253Dn%2525253A100%255Eo%25253Aid%25253Ds%2525253Ah12%25255Ehidden%25253Db%2525253A1%25255Ewidth%25253Dn%2525253A100%255Eo%25253Aid%25253Ds%2525253Ah13%25255Ehidden%25253Db%2525253A1%25255Ewidth%25253Dn%2525253A100%255Eo%25253Aid%25253Ds%2525253Ah14%255Eo%25253Aid%25253Ds%2525253Ah15%25255Ehidden%25253Db%2525253A0%255Eo%25253Aid%25253Ds%2525253Ah16%25255Ehidden%25253Db%2525253A1%25255Ewidth%25253Dn%2525253A100%255Eo%25253Aid%25253Ds%2525253Ah17%25255Ehidden%25253Db%2525253A1%25255Ewidth%25253Dn%2525253A100%255Eo%25253Aid%25253Ds%2525253Ah18%25255Ehidden%25253Db%2525253A1%25255Ewidth%25253Dn%2525253A100%255Eo%25253Aid%25253Ds%2525253Ah19%25255Ehidden%25253Db%2525253A1%25255Ewidth%25253Dn%2525253A100%255Eo%25253Aid%25253Ds%2525253Ah20%25255Ehidden%25253Db%2525253A1%25255Ewidth%25253Dn%2525253A100%255Eo%25253Aid%25253Ds%2525253Ah21%25255Ehidden%25253Db%2525253A1%25255Ewidth%25253Dn%2525253A100%255Eo%25253Aid%25253Ds%2525253Ah22%25255Ehidden%25253Db%2525253A1%25255Ewidth%25253Dn%2525253A100%255Eo%25253Aid%25253Ds%2525253Ah23%25255Ehidden%25253Db%2525253A1%25255Ewidth%25253Dn%2525253A100%255Eo%25253Aid%25253Ds%2525253Ah24%25255Ehidden%25253Db%2525253A1%25255Ewidth%25253Dn%2525253A100%255Eo%25253Aid%25253Ds%2525253Ah25%25255Ehidden%25253Db%2525253A1%25255Ewidth%25253Dn%2525253A100%255Eo%25253Aid%25253Ds%2525253Ah26%25255Ehidden%25253Db%2525253A1%25255Ewidth%25253Dn%2525253A100%255Eo%25253Aid%25253Ds%2525253Ah27%25255Ehidden%25253Db%2525253A1%25255Ewidth%25253Dn%2525253A100%255Eo%25253Aid%25253Ds%2525253Ah28%25255Ehidden%25253Db%2525253A1%25255Ewidth%25253Dn%2525253A100%255Eo%25253Aid%25253Ds%2525253Ah29%25255Ehidden%25253Db%2525253A1%25255Ewidth%25253Dn%2525253A100%255Eo%25253Aid%25253Ds%2525253Ah30%25255Ehidden%25253Db%2525253A1%25255Ewidth%25253Dn%2525253A100%255Eo%25253Aid%25253Ds%2525253Ah31%25255Ehidden%25253Db%2525253A1%25255Ewidth%25253Dn%2525253A100%255Eo%25253Aid%25253Ds%2525253Ah32%25255Ehidden%25253Db%2525253A1%25255Ewidth%25253Dn%2525253A100%255Eo%25253Aid%25253Ds%2525253Ah33%25255Ehidden%25253Db%2525253A1%25255Ewidth%25253Dn%2525253A100%255Eo%25253Aid%25253Ds%2525253Ah34%25255Ehidden%25253Db%2525253A1%25255Ewidth%25253Dn%2525253A100%255Eo%25253Aid%25253Ds%2525253Ah35%25255Ehidden%25253Db%2525253A1%25255Ewidth%25253Dn%2525253A100%255Eo%25253Aid%25253Ds%2525253Ah36%25255Ehidden%25253Db%2525253A1%25255Ewidth%25253Dn%2525253A100%255Eo%25253Aid%25253Ds%2525253Ah37%25255Ehidden%25253Db%2525253A1%25255Ewidth%25253Dn%2525253A100%255Eo%25253Aid%25253Ds%2525253Ah38%25255Ehidden%25253Db%2525253A1%25255Ewidth%25253Dn%2525253A100%255Eo%25253Aid%25253Ds%2525253Ah39%25255Ehidden%25253Db%2525253A1%25255Ewidth%25253Dn%2525253A100%255Eo%25253Aid%25253Ds%2525253Ah40%25255Ehidden%25253Db%2525253A1%25255Ewidth%25253Dn%2525253A100%255Eo%25253Aid%25253Ds%2525253Ah41%25255Ehidden%25253Db%2525253A1%25255Ewidth%25253Dn%2525253A100%255Eo%25253Aid%25253Ds%2525253Ah42%25255Ehidden%25253Db%2525253A1%25255Ewidth%25253Dn%2525253A100%255Eo%25253Aid%25253Ds%2525253Ah43%25255Ehidden%25253Db%2525253A1%25255Ewidth%25253Dn%2525253A100%255Eo%25253Aid%25253Ds%2525253Ah44%25255Ehidden%25253Db%2525253A1%25255Ewidth%25253Dn%2525253A100%255Eo%25253Aid%25253Ds%2525253Ah45%25255Ehidden%25253Db%2525253A1%25255Ewidth%25253Dn%2525253A100%255Eo%25253Aid%25253Ds%2525253Ah46%25255Ehidden%25253Db%2525253A1%25255Ewidth%25253Dn%2525253A100"
               }
            ],
            "title": "Datacenter",
            "type": "ResourceList"
         },
         {
            "collapsed": false,
            "config": {
               "additionalColumns": [],
               "additionalColumns_resource": [],
               "barsCount": 5,
               "depth": 10,
               "filterMode": "tagFilter",
               "filterOldMetrics": {"filterOldMetrics": false},
               "metricOption": {
                  "metricInfo": {
                     "path": ["/source/GROUP_datastore/datastore|numberWriteAveraged_average"],
                     "value": "datastore|numberWriteAveraged_average"
                  },
                  "resourceKindId": ["resourceKind:id:1_::_"],
                  "tagFilter": {
                     "path": [
                        "/source/kind_resourceKind:id:1_::_/tag:resource:id:0_::_",
                        "/source/kind_resourceKind:id:1_::_/tag:resource:id:1_::_",
                        "/source/kind_resourceKind:id:1_::_/tag:resource:id:2_::_",
                        "/source/kind_resourceKind:id:1_::_/tag:resource:id:3_::_"
                     ],
                     "value": {
                        "adapterInstance": [],
                        "adapterKind": [],
                        "bus": [],
                        "collector": [],
                        "day": [],
                        "exclaim": false,
                        "healthRange": [],
                        "kind": [],
                        "maintenanceSchedule": [],
                        "state": [],
                        "status": [],
                        "tag": [[
                           "resource:id:0_::_",
                           "resource:id:1_::_",
                           "resource:id:2_::_",
                           "resource:id:3_::_"
                        ]],
                        "tier": []
                     }
                  },
                  "value": {"metricOption": "metricsHighestUtilization"}
               },
               "mode": "metric",
               "refreshContent": {"refreshContent": true},
               "refreshInterval": 300,
               "regenerationTime": 15,
               "roundDecimals": 1,
               "selfProvider": {"selfProvider": false},
               "tagOption": {
                  "tagFilter": {
                     "path": [
                        "/source/kind_resourceKind:id:1_::_/tag:resource:id:4_::_",
                        "/source/kind_resourceKind:id:1_::_/tag:resource:id:0_::_",
                        "/source/kind_resourceKind:id:1_::_/tag:resource:id:5_::_",
                        "/source/kind_resourceKind:id:1_::_/tag:resource:id:1_::_",
                        "/source/kind_resourceKind:id:1_::_/tag:resource:id:3_::_",
                        "/source/kind_resourceKind:id:1_::_/tag:resource:id:2_::_",
                        "/source/kind_resourceKind:id:1_::_/tag:resource:id:6_::_",
                        "/source/kind_resourceKind:id:1_::_/tag:resource:id:7_::_",
                        "/source/kind_resourceKind:id:1_::_/tag:resource:id:8_::_"
                     ],
                     "value": {
                        "adapterInstance": [],
                        "adapterKind": [],
                        "bus": [],
                        "collector": [],
                        "day": [],
                        "exclaim": false,
                        "healthRange": [],
                        "kind": [],
                        "maintenanceSchedule": [],
                        "state": [],
                        "status": [],
                        "tag": [[
                           "resource:id:4_::_",
                           "resource:id:0_::_",
                           "resource:id:5_::_",
                           "resource:id:1_::_",
                           "resource:id:3_::_",
                           "resource:id:2_::_",
                           "resource:id:6_::_",
                           "resource:id:7_::_",
                           "resource:id:8_::_"
                        ]],
                        "tier": []
                     }
                  },
                  "value": {"tagOption": "leastHealthyApplications"}
               },
               "title": "Top-5 Datastore Write IOPS"
            },
            "gridsterCoords": {
               "h": 4,
               "w": 4,
               "x": 5,
               "y": 1
            },
            "height": 210,
            "id": "770df5bb-3c80-4baa-b722-0f54fa5ea333",
            "title": "Top-5 Datastore Write IOPS",
            "type": "ParetoAnalysis"
         },
         {
            "collapsed": false,
            "config": {
               "additionalColumns": [],
               "additionalColumns_resource": [],
               "barsCount": 5,
               "depth": 10,
               "filterMode": "tagFilter",
               "filterOldMetrics": {"filterOldMetrics": false},
               "metricOption": {
                  "metricInfo": {
                     "path": ["/source/GROUP_datastore/datastore|numberReadAveraged_average"],
                     "value": "datastore|numberReadAveraged_average"
                  },
                  "resourceKindId": ["resourceKind:id:1_::_"],
                  "tagFilter": null,
                  "value": {"metricOption": "metricsHighestUtilization"}
               },
               "mode": "metric",
               "refreshContent": {"refreshContent": false},
               "refreshInterval": 300,
               "regenerationTime": 15,
               "roundDecimals": 1,
               "selfProvider": {"selfProvider": false},
               "tagOption": {
                  "tagFilter": null,
                  "value": {"tagOption": "leastHealthyApplications"}
               },
               "title": "Top-5 Datastore Read IOPS"
            },
            "gridsterCoords": {
               "h": 4,
               "w": 4,
               "x": 9,
               "y": 1
            },
            "height": 210,
            "id": "e34e9999-14b8-4a9a-b4bb-f31ffe12d46e",
            "title": "Top-5 Datastore Read IOPS",
            "type": "ParetoAnalysis"
         },
         {
            "collapsed": true,
            "config": {
               "additionalColumns": [],
               "additionalColumns_resource": [],
               "barsCount": 5,
               "depth": 10,
               "filterMode": "tagFilter",
               "filterOldMetrics": {"filterOldMetrics": false},
               "metricOption": {
                  "metricInfo": {
                     "path": ["/source/GROUP_datastore/datastore|demand_oio"],
                     "value": "datastore|demand_oio"
                  },
                  "resourceKindId": ["resourceKind:id:1_::_"],
                  "tagFilter": null,
                  "value": {"metricOption": "metricsHighestUtilization"}
               },
               "mode": "metric",
               "refreshContent": {"refreshContent": false},
               "refreshInterval": 300,
               "regenerationTime": 15,
               "roundDecimals": 1,
               "selfProvider": {"selfProvider": false},
               "tagOption": {
                  "tagFilter": null,
                  "value": {"tagOption": "leastHealthyApplications"}
               },
               "title": "Top-5 Datastore Outstanding IOPS"
            },
            "gridsterCoords": {
               "h": 1,
               "w": 4,
               "x": 1,
               "y": 5
            },
            "height": 210,
            "id": "c0f8288b-fd16-4892-952e-bc80880f7b58",
            "title": "Top-5 Datastore Outstanding IOPS",
            "type": "ParetoAnalysis"
         },
         {
            "collapsed": true,
            "config": {
               "additionalColumns": [],
               "additionalColumns_resource": [],
               "barsCount": 5,
               "depth": 10,
               "filterMode": "tagFilter",
               "filterOldMetrics": {"filterOldMetrics": false},
               "metricOption": {
                  "metricInfo": {
                     "path": ["/source/GROUP_datastore/datastore|totalLatency_average"],
                     "value": "datastore|totalLatency_average"
                  },
                  "resourceKindId": ["resourceKind:id:1_::_"],
                  "tagFilter": null,
                  "value": {"metricOption": "metricsHighestUtilization"}
               },
               "mode": "metric",
               "refreshContent": {"refreshContent": false},
               "refreshInterval": 300,
               "regenerationTime": 15,
               "roundDecimals": 1,
               "selfProvider": {"selfProvider": false},
               "tagOption": {
                  "tagFilter": null,
                  "value": {"tagOption": "leastHealthyApplications"}
               },
               "title": "Top-5 Datastore Total Latency"
            },
            "gridsterCoords": {
               "h": 1,
               "w": 4,
               "x": 5,
               "y": 5
            },
            "height": 210,
            "id": "ea68e1d6-5743-4fdc-b466-2261888a972a",
            "title": "Top-5 Datastore Total Latency",
            "type": "ParetoAnalysis"
         },
         {
            "collapsed": false,
            "config": {
               "additionalColumns": [],
               "additionalColumns_resource": [],
               "barsCount": 10,
               "depth": 10,
               "filterMode": "tagFilter",
               "filterOldMetrics": {"filterOldMetrics": false},
               "metricOption": {
                  "metricInfo": {
                     "path": ["/source/GROUP_datastore/datastore|numberReadAveraged_average"],
                     "value": "datastore|numberReadAveraged_average"
                  },
                  "resourceKindId": ["resourceKind:id:2_::_"],
                  "tagFilter": null,
                  "value": {"metricOption": "metricsHighestUtilization"}
               },
               "mode": "metric",
               "refreshContent": {"refreshContent": false},
               "refreshInterval": 300,
               "regenerationTime": 15,
               "roundDecimals": 1,
               "selfProvider": {"selfProvider": false},
               "tagOption": {
                  "tagFilter": null,
                  "value": {"tagOption": "leastHealthyApplications"}
               },
               "title": "Top-10 VMs experiencing High Read IOPS"
            },
            "gridsterCoords": {
               "h": 6,
               "w": 5,
               "x": 1,
               "y": 6
            },
            "height": 324,
            "id": "cf2ae03d-5bdc-400c-a41e-498eaa3448f5",
            "title": "Top-10 VMs experiencing High Read IOPS",
            "type": "ParetoAnalysis"
         },
         {
            "collapsed": false,
            "config": {
               "additionalColumns": [],
               "additionalColumns_resource": [],
               "barsCount": 10,
               "depth": 10,
               "filterMode": "tagFilter",
               "filterOldMetrics": {"filterOldMetrics": false},
               "metricOption": {
                  "metricInfo": {
                     "path": ["/source/GROUP_datastore/datastore|numberWriteAveraged_average"],
                     "value": "datastore|numberWriteAveraged_average"
                  },
                  "resourceKindId": ["resourceKind:id:2_::_"],
                  "tagFilter": null,
                  "value": {"metricOption": "metricsHighestUtilization"}
               },
               "mode": "metric",
               "refreshContent": {"refreshContent": false},
               "refreshInterval": 300,
               "regenerationTime": 15,
               "roundDecimals": 1,
               "selfProvider": {"selfProvider": false},
               "tagOption": {
                  "tagFilter": null,
                  "value": {"tagOption": "leastHealthyApplications"}
               },
               "title": "Top-10 VMs experiencing High Write IOPS"
            },
            "gridsterCoords": {
               "h": 6,
               "w": 5,
               "x": 6,
               "y": 6
            },
            "height": 324,
            "id": "d95bb8aa-25ff-4690-b619-51a56db0c5d9",
            "title": "Top-10 VMs experiencing High Write IOPS",
            "type": "ParetoAnalysis"
         }
      ]
   }],
   "entries": {
      "resource": [
         {
            "adapterKindKey": "VMWARE",
            "identifiers": [
               {
                  "key": "VMEntityObjectID",
                  "value": "datastore-12"
               },
               {
                  "key": "VMEntityVCID",
                  "value": "8ec9ea54-5010-4bfc-a31e-f0f049627b77"
               }
            ],
            "internalId": "resource:id:6_::_",
            "name": "blr01m01esx01_1",
            "resourceKindKey": "Datastore"
         },
         {
            "adapterKindKey": "VMWARE",
            "identifiers": [
               {
                  "key": "VMEntityObjectID",
                  "value": "datastore-22"
               },
               {
                  "key": "VMEntityVCID",
                  "value": "8ec9ea54-5010-4bfc-a31e-f0f049627b77"
               }
            ],
            "internalId": "resource:id:8_::_",
            "name": "blr01m01esx03_1",
            "resourceKindKey": "Datastore"
         },
         {
            "adapterKindKey": "VMWARE",
            "identifiers": [
               {
                  "key": "VMEntityObjectID",
                  "value": "datastore-11"
               },
               {
                  "key": "VMEntityVCID",
                  "value": "5f62b9e6-ce4c-4569-bbd4-297dd5d5de09"
               }
            ],
            "internalId": "resource:id:1_::_",
            "name": "vsanDatastore",
            "resourceKindKey": "Datastore"
         },
         {
            "adapterKindKey": "VMWARE",
            "identifiers": [
               {
                  "key": "VMEntityObjectID",
                  "value": "datastore-717"
               },
               {
                  "key": "VMEntityVCID",
                  "value": "8ec9ea54-5010-4bfc-a31e-f0f049627b77"
               }
            ],
            "internalId": "resource:id:2_::_",
            "name": "vsanDatastore (1)",
            "resourceKindKey": "Datastore"
         },
         {
            "adapterKindKey": "VMWARE",
            "identifiers": [
               {
                  "key": "VMEntityObjectID",
                  "value": "datastore-30"
               },
               {
                  "key": "VMEntityVCID",
                  "value": "8ec9ea54-5010-4bfc-a31e-f0f049627b77"
               }
            ],
            "internalId": "resource:id:3_::_",
            "name": "vsanDatastore",
            "resourceKindKey": "Datastore"
         },
         {
            "adapterKindKey": "VMWARE",
            "identifiers": [
               {
                  "key": "VMEntityObjectID",
                  "value": "datastore-13"
               },
               {
                  "key": "VMEntityVCID",
                  "value": "8ec9ea54-5010-4bfc-a31e-f0f049627b77"
               }
            ],
            "internalId": "resource:id:5_::_",
            "name": "vbc_vol",
            "resourceKindKey": "Datastore"
         },
         {
            "adapterKindKey": "VMWARE",
            "identifiers": [
               {
                  "key": "VMEntityObjectID",
                  "value": "datastore-24"
               },
               {
                  "key": "VMEntityVCID",
                  "value": "8ec9ea54-5010-4bfc-a31e-f0f049627b77"
               }
            ],
            "internalId": "resource:id:4_::_",
            "name": "blr01m01esx04_1",
            "resourceKindKey": "Datastore"
         },
         {
            "adapterKindKey": "VMWARE",
            "identifiers": [
               {
                  "key": "VMEntityObjectID",
                  "value": "datastore-83"
               },
               {
                  "key": "VMEntityVCID",
                  "value": "8ec9ea54-5010-4bfc-a31e-f0f049627b77"
               }
            ],
            "internalId": "resource:id:0_::_",
            "name": "NFSVOL01",
            "resourceKindKey": "Datastore"
         },
         {
            "adapterKindKey": "VMWARE",
            "identifiers": [
               {
                  "key": "VMEntityObjectID",
                  "value": "datastore-20"
               },
               {
                  "key": "VMEntityVCID",
                  "value": "8ec9ea54-5010-4bfc-a31e-f0f049627b77"
               }
            ],
            "internalId": "resource:id:7_::_",
            "name": "blr01m01esx02_1",
            "resourceKindKey": "Datastore"
         }
      ],
      "resourceKind": [
         {
            "adapterKindKey": "VMWARE",
            "internalId": "resourceKind:id:0_::_",
            "resourceKindKey": "Datacenter"
         },
         {
            "adapterKindKey": "VMWARE",
            "internalId": "resourceKind:id:2_::_",
            "resourceKindKey": "VirtualMachine"
         },
         {
            "adapterKindKey": "VMWARE",
            "internalId": "resourceKind:id:1_::_",
            "resourceKindKey": "Datastore"
         }
      ]
   },
   "uuid": "ccdaf12e-a258-4ecb-8531-8227909da966"
}